{
  "metadata": {
    "model": "CL = cl0 + cl_alpha*alpha + cl_re*ln(Re/Re_ref) + cl_alpha_re*alpha*ln(Re/Re_ref)",
    "alpha_units": "degrees"
  },
  "coefficients": {
    "cl0": 0.06677333116240583,
    "cl_alpha_per_degree": 0.06105404769909106,
    "cl_re_log": -0.005600118246987837,
    "cl_alpha_re_log": -0.005335994079888793,
    "reynolds_number_baseline": 3400000.0,
    "rmse": 0.05739957384709244
  }
}